title,author,status
Mystical_Mirage,Rollo Heinel,not sold
Starry_Night,Tim Hopfer,not sold
Twilight_Tempest,Zedekiah Elsop,not sold
Whispering_Waters,Milissent Gue,not sold
Whispering_Waves,Bob Loyndon,not sold
Ruby_Realm,Mae Perrelli,not sold
Luminous_Light,Laurie Ondrusek,not sold
Mystical_Moonlight,Merrel Aulds,sold
Mystical_Trip,Christiane Finan,not sold
Whispering_Pines,Mervin Wardhaugh,sold
Eternal_Echo,Celine Pitney,not sold
Desert_Oasis,Isis Tixier,not sold
Ruby_Road,Buffy Kenwood,not sold
The_Whispering,Rube Gough,not sold
Whimsical_Wonderland,Cacilie Di Batista,not sold
Radiant_Realm,Ruben Peppett,sold
Dancing_Shadows,Olav Raspison,not sold
Radiant_Sun,Mack Yearnes,not sold
Serenity_Shore,Gay Laity,sold
Desert_Moon,Matilde Dumphreys,not sold
Ocean_Embrace,Kailey Buglar,sold
Tranquil_Tides,Filippo Antrag,not sold
Harbor_Haven,Kaila Spriggen,sold
Celestial_Cascade,Klement Bunn,not sold
Whispering_Willows,Clem Mauchlen,sold
Moonbeam_Melody,Palmer Duckitt,sold
Whispers_in_the_Wind,Marin Darke,not sold
Sapphire_Shores,Tibold Price,not sold
Twilight,Bentlee Trimme,not sold
Emerald_Enchantment,Sarena Linggard,sold
Tropical_Twilight,Winfield Breed,sold
Sapphire_Secrets,Elayne Chatel,not sold
Radiant_Kingdom,Hildagard Waleworke,not sold
Hollow_Wind,Dela Gilham,not sold
Secrets,Marjy Wildes,not sold
Moonlit_Magic,Zitella Ilsley,not sold
Amber_Waves,Marga Dunckley,not sold
Silver_Springs,Talya Dougill,not sold
Sandy_Shores,Thoma Rooksby,not sold
Sunrise_Serenity,Lishe Murdy,sold
Mountain_Majesty,Belle Carrigan,not sold
Misty_Meadows,Bobbie Rewbottom,not sold
Sapphire_Skies,Ronnie McGahy,not sold
Serenity_Falls,Stanfield Pead,not sold
Whispers,Fabiano Dabner,sold
Tropic,Gayla Squibe,not sold
Gravity_Falls,Pepillo Sewart,not sold
Desert_Dunes,Genevieve Belvard,not sold
Aurora_Alchemy,Jacquetta Greenhalgh,sold
Luminous_Lagoon,Roxie Fowlie,not sold
Mystical_Pets,Ruby Weippert,not sold
Echoes_of_Eternity,Corinne Hatfield,sold
Eternal_Embrace,Gasparo Timperley,sold
Starry_Skies,Reinaldos Denniston,not sold
Cascade,Tildie Scraggs,not sold
Emerald_City,Osmond Allmond,not sold
Whispering_Woods,Kariotta Allard,not sold
Polaris_Peak,Paulita Duchesne,not sold
Oceanic_Odyssey,Bjorn Heggs,not sold
Space_Ocean,Abagael Collie,not sold
Azure_Abyss,Temple Coutthart,not sold
Luminous_House,Buckie Stear,not sold
Tranquil_Twilight,Analiese Veque,not sold
Eternal_Embers,Hansiain Hurst,sold
Emerald_Isle,Elvina Tracey,not sold
Celestial_Serenato,Rem Eaglestone,not sold
Melody,Georgie Birt,not sold
Red_Sun,Elvina Burberye,not sold
Sapphire_Room,Durant Ianiello,sold
Moonlight,Vally Kornel,sold
Fireside_Tales,Jeni Corssen,not sold
The_Widow,Lacee Tittershill,not sold
Aurora,Sunshine Verrico,sold
Dune,Marietta Wallman,not sold
Fireside_Fantasy,Gusti Flitcroft,not sold
Red_Skies,Bartlett Lockhart,sold
Into_the_Abyss,Cammie Cansdale,not sold
Twilight_Dream,Tedda Stead,not sold
Harbor_Lights,Shadow Whitley,not sold
Silver_Starlight,Godart Poyntz,not sold
Whimsical_Harbor,Townie Urquhart,not sold
Whimsical_Boy,Enoch Kibel,not sold
Golden_Glade,Don MacKibbon,sold
Ruby_Red,Remington Cuesta,not sold
Amber_Aurora,Henri Penk,not sold
Arsonist_Red,Jana Butler-Bowdon,not sold
Golden_Oasis,Grazia Seatter,not sold
Oceanic_Oasis,Flss MacLise,not sold
The_Peak,Crawford Oldis,not sold
Crimson_Cosmos,Irwinn Braikenridge,not sold
Violet_Veil,Jarad Filpi,not sold
Midnight_Moon,Cleo Ciccottio,not sold
Northen_Lights,Wallie Brandt,not sold
Harbor_Haven,Leonora Crehan,sold
Celestial_Symphony,Karena Yukhnov,sold
Emerald_Sea,Massimiliano Chinnock,not sold
Mystical_Mirror,Cristiano Nano,not sold
Polaris_Path,Emyle Asken,not sold
Twilight_Tranquility,Crosby De Ambrosi,not sold
Desert_Sand,Wake Trevena,not sold
